Name,From,Institution,Letter,Gender,Race,URM,Research,Status,security,Field,AMS Citations,Is Fields
edgar fuller,,florida international university,A Only,man,white,noturm,moreri,professor,moresecure,math,5,
matthew ando,,university of illinois,A Only,man,asian,noturm,moreri,professor,moresecure,math,301,
renzo cavalieri,,colorado state university,A Only,man,white,noturm,moreri,professor,moresecure,math,204,
anne m ho,,university of tennessee,A Only,woman,asian,noturm,moreri,professor,moresecure,math,0,
michael lacey,,georgia institute of technology,A Only,man,white,noturm,moreri,professor,moresecure,math,1978,
debra k borkovitz,,boston university,A Only,woman,white,noturm,moreri,professor,moresecure,math,0,
holly swisher,,oregon state university,A Only,woman,white,noturm,moreri,professor,moresecure,math,64,
amie wilkinson,,university of chicago,A Only,woman,white,noturm,moreri,professor,moresecure,math,783,
daniel pollack,,university of washington,A Only,man,white,noturm,moreri,professor,moresecure,math,504,
thomas dick,,oregon state university,A Only,man,white,noturm,moreri,professor,moresecure,math,0,
nate brown,,pennsylvania state university,A Only,man,white,noturm,moreri,professor,moresecure,math,896,
marianne korten,,kansas state university,A Only,woman,latinx,urm,moreri,professor,moresecure,math,41,
james ä_ä_lvarez,,university of texas at arlington,A Only,man,latinx,urm,moreri,professor,moresecure,math,1,
thomas goodwillie,,brown university,A Only,man,white,noturm,moreri,professor,moresecure,math,679,
jasmine foo,,university of minnesota,A Only,woman,asian,noturm,moreri,professor,moresecure,math,157,
maria basterra,,university of new hampshire,A Only,woman,white,noturm,moreri,professor,moresecure,math,122,
brooke shipley,,university of illinois at chicago,A Only,woman,white,noturm,moreri,professor,moresecure,math,1290,
matilde marcolli,,california institute of technology,A Only,woman,white,noturm,moreri,professor,moresecure,math,1061,
rami grossberg,,carnegie mellon university,A Only,man,white,noturm,moreri,professor,moresecure,math,371,
joshua cooper,,university of south carolina,A Only,man,white,noturm,moreri,professor,moresecure,math,272,
russell brown,,university of kentucky,A Only,man,white,noturm,moreri,professor,moresecure,math,698,
sean sather wagstaff,,clemson university,A Only,man,white,noturm,moreri,professor,moresecure,math,538,
ricardo cortez,,tulane university,A Only,man,latinx,urm,moreri,professor,moresecure,math,635,
abba gumel,,arizona state university,A Only,man,black,urm,moreri,professor,moresecure,math,851,
matthias kawski,,arizona state university,A Only,man,white,noturm,moreri,professor,moresecure,math,223,
bruce reznick,,university of illinois,A Only,man,white,noturm,moreri,professor,moresecure,math,836,
richard mcgehee,,university of minnesota,A Only,man,white,noturm,moreri,professor,moresecure,math,473,
gloria mari beffa,,university of wisconsin,A Only,woman,white,noturm,moreri,professor,moresecure,math,299,
jianzhong su,,university of texas at arlington,A Only,man,asian,noturm,moreri,professor,moresecure,math,2,
diane henderson,,pennsylvania state university,A Only,woman,white,noturm,moreri,professor,moresecure,math,150,
justin r peters,,iowa state university,A Only,man,white,noturm,moreri,professor,moresecure,math,303,
perla myers,,university of san diego,A Only,woman,white,noturm,moreri,professor,moresecure,math,27,
daniel groves,,university of illinois at chicago,A Only,man,white,noturm,moreri,professor,moresecure,math,250,
bill rosenthal,,city university of new york,A Only,man,white,noturm,moreri,retired,moresecure,math,0,
rob kirby,,university of california berkeley,B and C,man,white,noturm,moreri,professor,moresecure,math,1489,
clifford henry taubes,,harvard university,B and C,man,white,noturm,moreri,professor,moresecure,math,2772,Yes
michael freedman,,university of california santa barbara,B and C,man,white,noturm,moreri,professor,moresecure,math,1962,Yes
benedict h gross,,university of california san diego,B and C,man,white,noturm,moreri,professor,moresecure,math,3030,
darren long,,university of california santa barbara,B and C,man,white,noturm,moreri,professor,moresecure,math,1086,
wilfried schmid,,harvard university,B and C,man,white,noturm,moreri,professor,moresecure,math,1335,
eric babson,,university of california davis,B and C,man,white,noturm,moreri,professor,moresecure,math,573,
dan romik,,university of california davis,B and C,man,white,noturm,moreri,professor,moresecure,math,336,
james glimm,,stony brook university,B and C,man,white,noturm,moreri,professor,moresecure,math,2902,
william goldman,,university of maryland,B and C,man,white,noturm,moreri,professor,moresecure,math,2591,
elbridge gerry puckett,,university of california davis,B and C,man,white,noturm,moreri,professor,moresecure,math,494,
jennifer schultens,,university of california davis,B and C,woman,white,noturm,moreri,professor,moresecure,math,395,
sergei tabachnikov,,pennsylvania state university,B and C,man,white,noturm,moreri,professor,moresecure,math,1376,
sergiu klainerman,Russia,princeton university,B and C,man,white,noturm,moreri,professor,moresecure,math,4110,
gigliola staffilani,,massachusetts institute of technology,B and C,woman,white,noturm,moreri,professor,moresecure,math,2308,
alex kontorovich,Russia,rutgers university,B and C,man,white,noturm,moreri,professor,moresecure,math,287,
richard montgomery,,university of california santa cruz,B and C,man,white,noturm,moreri,professor,moresecure,math,1548,
mark levi,,pennsylvania state university,B and C,man,white,noturm,moreri,professor,moresecure,math,528,
yakov pesin,Russia,pennsylvania state university,B and C,man,white,noturm,moreri,professor,moresecure,math,3011,
tomasz s mrowka,,massachusetts institute of technology,B and C,man,white,noturm,moreri,professor,moresecure,math,1373,
carlos kenig,,university of chicago,B and C,man,latinx,urm,moreri,professor,moresecure,math,11605,
george e andrews,,pennsylvania state university,B and C,man,white,noturm,moreri,professor,moresecure,math,8428,
svetlana katok,Russia,pennsylvania state university,B and C,woman,white,noturm,moreri,professor,moresecure,math,515,
gunnar carlsson,,stanford university,B and C,man,white,noturm,moreri,professor,moresecure,math,1005,
yakov eliashberg,Russia,stanford university,B and C,man,white,noturm,moreri,professor,moresecure,math,2895,
brian white,,stanford university,B and C,man,white,noturm,moreri,professor,moresecure,math,1302,
eric m friedlander,,university of southern california,B and C,man,white,noturm,moreri,professor,moresecure,math,2303,
william w menasco,,university at buffalo,B and C,man,white,noturm,moreri,professor,moresecure,math,754,
leonid bunimovich,Russia,georgia institute of technology,B and C,man,white,noturm,moreri,professor,moresecure,math,1157,
vera serganova,Russia,university of california berkeley,B and C,woman,white,noturm,moreri,professor,moresecure,math,851,
shmuel weinberger,,university of chicago,B and C,man,white,noturm,moreri,professor,moresecure,math,1045,
richard schwartz,,brown university,B and C,man,white,noturm,moreri,professor,moresecure,math,604,
andre neves,,university of chicago,B and C,man,white,noturm,moreri,professor,moresecure,math,506,
alexander kleshchev,Russia,university of oregon,B and C,man,white,noturm,moreri,professor,moresecure,math,1737,
alex eskin,Russia,university of chicago,B and C,man,white,noturm,moreri,professor,moresecure,math,1301,
susan friedlander,,university of southern california,B and C,woman,white,noturm,moreri,professor,moresecure,math,706,
yuri zarhin,Russia,pennsylvania state university,B and C,man,white,noturm,moreri,professor,moresecure,math,866,
leonid makar limanov,Russia,wayne state university,B and C,man,white,noturm,moreri,professor,moresecure,math,708,
alexei novikov,Russia,pennsylvania state university,B and C,man,white,noturm,moreri,professor,moresecure,math,227,
lewis bowen,,university of texas at austin,B and C,man,white,noturm,moreri,professor,moresecure,math,467,
ronald j stern,,university of california irvine,B and C,man,white,noturm,moreri,professor,moresecure,math,1703,
alexandre eremenko,Russia,purdue university,B and C,man,white,noturm,moreri,professor,moresecure,math,1594,
svetlana jitomirskaya,Russia,university of california irvine,B and C,woman,white,noturm,moreri,professor,moresecure,math,1240,
anton gorodetski,Russia,university of california irvine,B and C,man,white,noturm,moreri,professor,moresecure,math,403,
mark sapir,Russia,vanderbilt university,B and C,man,white,noturm,moreri,professor,moresecure,math,1495,
jeff cheeger,,courant institute new york university,B and C,man,white,noturm,moreri,professor,moresecure,math,5725,
john lott,,university of california berkeley,B and C,man,white,noturm,moreri,professor,moresecure,math,1843,
scott armstrong,,courant institute new york university,B and C,man,white,noturm,moreri,professor,moresecure,math,738,
misha gromov,Russia,new york university,B and C,man,white,noturm,moreri,professor,moresecure,math,12356,
robert bryant,,duke university,B and C,man,white,noturm,moreri,professor,moresecure,math,2339,
federico rodriguez hertz,,pennsylvania state university,B and C,man,latinx,urm,moreri,professor,moresecure,math,392,
michael saks,,rutgers university,B and C,man,white,noturm,moreri,professor,moresecure,math,1098,
misha lyubich,Russia,stony brook university,B and C,man,white,noturm,moreri,professor,moresecure,math,1729,
peter kuchment,,texas am university,B and C,man,white,noturm,moreri,professor,moresecure,math,2782,
ludmil zikatanov,Czech,pennsylvania state university,B and C,man,white,noturm,moreri,professor,moresecure,math,1126,
henri moscovici,Romania,ohio state university,B and C,man,white,noturm,moreri,professor,moresecure,math,1156,
panagiota daskalopoulos,Greece,columbia university,B and C,woman,white,noturm,moreri,professor,moresecure,math,613,
andrei okounkov,Russia,columbia university,B and C,man,white,noturm,moreri,professor,moresecure,math,3352,yes
alexandre chorin,,university of california berkeley,B and C,man,white,noturm,moreri,retired,moresecure,math,2512,
john morgan,,columbia university,B and C,man,white,noturm,moreri,retired,moresecure,math,3101,
david mumford,,harvard university,B and C,man,white,noturm,moreri,retired,moresecure,math,9741,yes
charles frohman,,university of iowa,B Only,man,white,noturm,moreri,professor,moresecure,math,337,
david eisenbud,,university of california berkeley,B Only,man,white,noturm,moreri,professor,moresecure,math,7253,
michael kapovich,Russia,university of california davis,B Only,man,white,noturm,moreri,professor,moresecure,math,1305,
bruno nachtergaele,,university of california davis,B Only,man,white,noturm,moreri,professor,moresecure,math,828,
mladen bestvina,Croatia,university of utah,B Only,man,white,noturm,moreri,professor,moresecure,math,2367,
laurence r taylor,,university of notre dame,B Only,man,white,noturm,moreri,professor,moresecure,math,543,
jozef h przytycki,Poland,george washington university,B Only,man,white,noturm,moreri,professor,moresecure,math,1429,
robert gompf,,university of texas at austin,B Only,man,white,noturm,moreri,professor,moresecure,math,1616,
theodore slaman,,university of california berkeley,B Only,man,white,noturm,moreri,professor,moresecure,math,1012,
j elisenda grigsby,,boston college,B Only,woman,white,noturm,moreri,professor,moresecure,math,159,
nicolai reshetikhin,Russia,university of california berkeley,B Only,man,white,noturm,moreri,professor,moresecure,math,3328,
william h meeks iii,,university of massachusetts amherst,B Only,man,white,noturm,moreri,professor,moresecure,math,1906,
robert ghrist,,university of pennsylvania,B Only,man,white,noturm,moreri,professor,moresecure,math,556,
david gabai,,princeton university,B Only,man,white,noturm,moreri,professor,moresecure,math,1895,
david auckly,,kansas state university,B Only,man,white,noturm,moreri,professor,moresecure,math,162,
daniel ruberman,,brandeis university,B Only,man,white,noturm,moreri,professor,moresecure,math,512,
lev rozansky,Russia,university of north carolina at chapel hill,B Only,man,white,noturm,moreri,professor,moresecure,math,871,
carolyn gordon,,dartmouth college,B Only,woman,white,noturm,moreri,professor,moresecure,math,999,
vadim zharnitsky,Russia,university of illinois,B Only,man,white,noturm,moreri,professor,moresecure,math,247,
adebisi agboola,,university of california santa barbara,B Only,man,black,urm,moreri,professor,moresecure,math,69,
alexander tumanov,Russia,university of illinois,B Only,man,white,noturm,moreri,professor,moresecure,math,476,
david a meyer,,university of california san diego,B Only,man,white,noturm,moreri,professor,moresecure,math,208,
daniel allcock,,university of texas at austin,B Only,man,white,noturm,moreri,professor,moresecure,math,407,
william jaco,,oklahoma state university,B Only,man,white,noturm,moreri,professor,moresecure,math,1273,
michael cranston,,university of california irvine,B Only,man,white,noturm,moreri,professor,moresecure,math,569,
masahico saito,Japan,university of south florida,B Only,man,asian,noturm,moreri,professor,moresecure,math,1371,
kenneth s alexander,,university of southern california,B Only,man,white,noturm,moreri,professor,moresecure,math,633,
dan abramovich,,brown university,B Only,man,white,noturm,moreri,professor,moresecure,math,1489,
hans wenzl,,university of california san diego,B Only,man,white,noturm,moreri,professor,moresecure,math,999,
stephen bigelow,,university of california santa barbara,B Only,man,white,noturm,moreri,professor,moresecure,math,312,
eduardo cattani,,university of massachusetts amherst,B Only,man,NA,NA,moreri,professor,moresecure,math,463,
richard arratia,,university of southern california,B Only,man,white,noturm,moreri,professor,moresecure,math,,
alexander kirillov jr,Russia,stony brook university,B Only,man,white,noturm,moreri,professor,moresecure,math,928,
philip l bowers,,florida state university,B Only,man,white,noturm,moreri,professor,moresecure,math,217,
chaim goodman strauss,,university of arkansas,B Only,man,white,noturm,moreri,professor,moresecure,math,125,
maksym radziwill,Poland,california institute of technology,B Only,man,white,noturm,moreri,professor,moresecure,math,193,
josh greene,,boston college,B Only,man,white,noturm,moreri,professor,moresecure,math,213,
alexander soshnikov,Russia,university of california davis,B Only,man,white,noturm,moreri,professor,moresecure,math,1057,
ko honda,,university of california los angeles,B Only,man,asian,noturm,moreri,professor,moresecure,math,1075,
dmitry kleinbock,Russia,brandeis university,B Only,man,white,noturm,moreri,professor,moresecure,math,1159,
lawrence c evans,,university of california berkeley,B Only,man,white,noturm,moreri,professor,moresecure,math,12023,
thomas strohmer,,university of california davis,B Only,man,white,noturm,moreri,professor,moresecure,math,1329,
daryl cooper,,university of california santa barbara,B Only,man,white,noturm,moreri,professor,moresecure,math,1016,
kasso a okoudjou,,university of maryland,B Only,man,black,urm,moreri,professor,moresecure,math,490,
richard a litherland,,louisiana state university,B Only,man,white,noturm,moreri,professor,moresecure,math,543,
fyodor malikov,Russia,university of southern california,B Only,man,white,noturm,moreri,professor,moresecure,math,356,
andrei caldararu,Romania,university of wisconsin,B Only,man,white,noturm,moreri,professor,moresecure,math,392,
scott baldridge,,louisiana state university,B Only,man,white,noturm,moreri,professor,moresecure,math,137,
john ratcliffe,,vanderbilt university,B Only,man,white,noturm,moreri,professor,moresecure,math,866,
peter ozsvath,,princeton university,B Only,man,white,noturm,moreri,professor,moresecure,math,3753,
victor ostrik,,university of oregon,B Only,man,white,noturm,moreri,professor,moresecure,math,1708,
michael mihalik,,vanderbilt university,B Only,man,white,noturm,moreri,professor,moresecure,math,429,
robert guy,,university of california davis,B Only,man,white,noturm,moreri,professor,moresecure,math,204,
jesus a de loera,,university of california davis,B Only,man,latinx,urm,moreri,professor,moresecure,math,969,
mark brittenham,,university of nebraska,B Only,man,NA,NA,moreri,professor,moresecure,math,210,
kannan soundararajan,,stanford university,B Only,man,asian,noturm,moreri,professor,moresecure,math,1242,
alexander berkovich,Russia,university of florida,B Only,man,white,noturm,moreri,professor,moresecure,math,387,
alexander beilinson,Russia,university of chicago,B Only,man,white,noturm,moreri,professor,moresecure,math,3528,
john p d'angelo,,university of illinois,B Only,man,white,noturm,moreri,professor,moresecure,math,933,
donatella danielli,,purdue university,B Only,woman,white,noturm,moreri,professor,moresecure,math,1192,
victor ginzburg,Russia,university of chicago,B Only,man,white,noturm,moreri,professor,moresecure,math,3219,
john hunter,,university of california davis,B Only,man,white,noturm,moreri,professor,moresecure,math,1155,
peter doyle,,dartmouth college,B Only,man,white,noturm,moreri,professor,moresecure,math,524,
ilya kofman,Russia,city university of new york,B Only,man,white,noturm,moreri,professor,moresecure,math,215,
nicholas kuhn,,university of virginia,B Only,man,white,noturm,moreri,professor,moresecure,math,690,
alan reid,,rice university,B Only,man,white,noturm,moreri,professor,moresecure,math,1407,
effie kalfagianni,,michigan state university,B Only,woman,white,noturm,moreri,professor,moresecure,math,437,
arkady berenstein,Russia,university of oregon,B Only,man,white,noturm,moreri,professor,moresecure,math,1145,
jacob greenstein,,university of california riverside,B Only,man,white,noturm,moreri,professor,moresecure,math,124,
peter winkler,,dartmouth college,B Only,man,white,noturm,moreri,professor,moresecure,math,1204,
steve kerckhoff,,stanford university,B Only,man,white,noturm,moreri,professor,moresecure,math,931,
Morwen Thistlethwaite,,university of tennessee,B Only,man,white,noturm,moreri,professor,moresecure,math,853,
tao li,China,boston college,B Only,man,asian,noturm,moreri,professor,moresecure,math,204,
terence tao,,university of california los angeles,B Only,man,asian,noturm,moreri,professor,moresecure,math,15430,yes
kenneth c millett,,university of california santa barbara,B Only,man,white,noturm,moreri,professor,moresecure,math,1671,
michel l lapidus,,university of california riverside,B Only,man,white,noturm,moreri,professor,moresecure,math,1572,
robert l devaney,,boston university,B Only,man,white,noturm,moreri,professor,moresecure,math,2249,
ravi vakil,,stanford university,B Only,man,asian,noturm,moreri,professor,moresecure,math,827,
vladimir retakh,Russia,rutgers university,B Only,man,white,noturm,moreri,professor,moresecure,math,971,
christopher j leininger,,university of illinois,B Only,man,white,noturm,moreri,professor,moresecure,math,443,
vladimir chernov,Russia,dartmouth college,B Only,man,white,noturm,moreri,professor,moresecure,math,152,
george pappas,,michigan state university,B Only,man,white,noturm,moreri,professor,moresecure,math,960,
shelly harvey,,rice university,B Only,woman,white,noturm,moreri,professor,moresecure,math,310,
victor turchin,Russia,Rutgers university,B Only,man,white,noturm,moreri,professor,moresecure,math,245,
niels grä_ä__nbech jensen,,university of california davis,B Only,man,white,noturm,moreri,professor,moresecure,math,9,
ezra getzler,,northwestern university,B Only,man,white,noturm,moreri,professor,moresecure,math,2214,
heide gluesing luerssen,,university of kentucky,B Only,woman,white,noturm,moreri,professor,moresecure,math,263,
jared wunsch,,northwestern university,B Only,man,white,noturm,moreri,professor,moresecure,math,449,
michael s waterman,,university of southern california,B Only,man,white,noturm,moreri,professor,moresecure,math,606,
rafael de la llave,,georgia institute of technology,B Only,man,white,noturm,moreri,professor,moresecure,math,2250,
patrick fitzsimmons,,university of california san diego,B Only,man,white,noturm,moreri,professor,moresecure,math,828,
viktor ginzburg,Russia,university of california santa cruz,B Only,man,white,noturm,moreri,professor,moresecure,math,979,
roxana smarandache,Romania,university of notre dame,B Only,woman,white,noturm,moreri,professor,moresecure,math,235,
raphael rouquier,,university of california los angeles,B Only,man,white,noturm,moreri,professor,moresecure,math,1476,
alexey cheskidov,Russia,university of illinois at chicago,B Only,man,white,noturm,moreri,professor,moresecure,math,568,
natasa pavlovic,Serbia,university of texas at austin,B Only,woman,white,noturm,moreri,professor,moresecure,math,788,
sorin popa,Romania,university of california los angeles,B Only,man,white,noturm,moreri,professor,moresecure,math,3197,
yi ni,China,california institute of technology,B Only,man,asian,noturm,moreri,professor,moresecure,math,375,
pavel guerzhoy,Russia,university of hawaii at manoa,B Only,man,white,noturm,moreri,professor,moresecure,math,153,
juan migliore,,university of notre dame,B Only,man,white,noturm,moreri,professor,moresecure,math,1280,
misha vishik,Russia,university of texas at austin,B Only,man,white,noturm,moreri,professor,moresecure,math,604,
david b rush,,university of california riverside,B Only,man,white,noturm,moreri,professor,moresecure,math,18,
larry goldstein,,university of southern california,B Only,man,white,noturm,moreri,professor,moresecure,math,866,
max lieblich,,university of washington,B Only,man,white,noturm,moreri,professor,moresecure,math,320,
nigel boston,,university of wisconsin,B Only,man,white,noturm,moreri,professor,moresecure,math,352,
joseph a biello,,university of california davis,B Only,man,white,noturm,moreri,professor,moresecure,math,104,
kevin o'bryant,,city university of new york,B Only,man,white,noturm,moreri,professor,moresecure,math,138,
lorenzo sadun,,university of texas at austin,B Only,man,white,noturm,moreri,professor,moresecure,math,633,
kui ren,China,columbia university,B Only,man,asian,noturm,moreri,professor,moresecure,math,365,
gordan zitkovic,Serbia,university of texas at austin,B Only,man,white,noturm,moreri,professor,moresecure,math,248,
william beckner,,university of texas at austin,B Only,man,white,noturm,moreri,professor,moresecure,math,1091,
francesco maggi,,university of texas at austin,B Only,man,white,noturm,moreri,professor,moresecure,math,1098,
abhijit champanerkar,,city university of new york,B Only,man,asian,noturm,moreri,professor,moresecure,math,221,
thomas chen,,university of texas at austin,B Only,man,asian,noturm,moreri,professor,moresecure,math,571,
david a vogan,,massachusetts institute of technology,B Only,man,white,noturm,moreri,professor,moresecure,math,2213,
monica vazirani,,university of california davis,B Only,woman,NA,NA,moreri,professor,moresecure,math,252,
raymond heitmann,,university of texas at austin,B Only,man,white,noturm,moreri,professor,moresecure,math,289,
todd arbogast,,university of texas at austin,B Only,man,white,noturm,moreri,professor,moresecure,math,1720,
evans harrell,,georgia institute of technology,B Only,man,white,noturm,moreri,professor,moresecure,math,713,
anton kapustin,Russia,california institute of technology,B Only,man,white,noturm,moreri,professor,moresecure,math,920,
chris miller,,ohio state university,B Only,man,white,noturm,moreri,professor,moresecure,math,734,
percy deift,,new york university,B Only,man,white,noturm,moreri,professor,moresecure,math,5110,
ivan blank,,kansas state university,B Only,man,white,noturm,moreri,professor,moresecure,math,78,
deane yang,,new york university,B Only,man,asian,noturm,moreri,professor,moresecure,math,2272,
richard borcherds,,university of california berkeley,B Only,man,white,noturm,moreri,professor,moresecure,math,1760,yes
alexander yong,,university of illinois,B Only,man,asian,noturm,moreri,professor,moresecure,math,415,
mark rudelson,Russia,university of michigan,B Only,man,white,noturm,moreri,professor,moresecure,math,1094,
nikos tzirakis,,university of illinois,B Only,man,white,noturm,moreri,professor,moresecure,math,390,
burak erdogan,Turkey,university of illinois,B Only,man,middleeast,noturm,moreri,professor,moresecure,math,554,
lou van den dries,Netherlands,university of illinois,B Only,man,white,noturm,moreri,professor,moresecure,math,2468,
margaret a readdy,,university of kentucky,B Only,woman,white,noturm,moreri,professor,moresecure,math,274,
richard ehrenborg,,university of kentucky,B Only,man,white,noturm,moreri,professor,moresecure,math,723,
peter perry,,university of kentucky,B Only,man,white,noturm,moreri,professor,moresecure,math,910,
zhongwei shen,China,university of kentucky,B Only,man,asian,noturm,moreri,professor,moresecure,math,1391,
pavel etingof,Russia,massachusetts institute of technology,B Only,man,white,noturm,moreri,professor,moresecure,math,4522,
crichton ogle,,ohio state university,B Only,man,white,noturm,moreri,professor,moresecure,math,43,
michael davis,,ohio state university,B Only,man,white,noturm,moreri,professor,moresecure,math,1738,
oleg viro,Russia,stony brook university,B Only,man,white,noturm,moreri,professor,moresecure,math,1285,
andrzej derdzinski,Poland,ohio state university,B Only,man,white,noturm,moreri,professor,moresecure,math,527,
dennis a hejhal,,university of minnesota,B Only,man,white,noturm,moreri,professor,moresecure,math,999,
vladimir drinfeld,Russia,university of chicago,B Only,man,white,noturm,moreri,professor,moresecure,math,5027,
nat smale,,university of utah,B Only,man,white,noturm,moreri,professor,moresecure,math,56,
igor rivin,Russia,temple university,B Only,man,white,noturm,moreri,professor,moresecure,math,668,
alexander barvinok,Russia,university of michigan,B Only,man,white,noturm,moreri,professor,moresecure,math,1179,
john r klein,,wayne state university,B Only,man,white,noturm,moreri,professor,moresecure,math,339,
bo guan,China,ohio state university,B Only,man,asian,noturm,moreri,professor,moresecure,math,686,
elham izadi,Iran,university of california san diego,B Only,woman,middleeast,noturm,moreri,professor,moresecure,math,106,
martin scharlemann,,university of california santa barbara,B Only,man,white,noturm,moreri,retired,moresecure,math,1167,
marc culler,,university of illinois at chicago,B Only,man,white,noturm,moreri,retired,moresecure,math,1629,
ronald fintushel,,michigan state university,B Only,man,white,noturm,moreri,retired,moresecure,math,1094,
hung hsi wu,China,university of california berkeley,B Only,man,asian,noturm,moreri,retired,moresecure,math,1391,
louis h kauffman,,university of illinois at chicago,B Only,man,white,noturm,moreri,retired,moresecure,math,3948,
dmitry fuchs,Russia,university of california davis,B Only,man,white,noturm,moreri,retired,moresecure,math,1283,
eriko hironaka,,florida state university,B Only,woman,asian,noturm,moreri,retired,moresecure,math,215,
charles livingston,,indiana university,B Only,man,white,noturm,moreri,retired,moresecure,math,951,
patrick gilmer,,louisiana state university,B Only,man,white,noturm,moreri,retired,moresecure,math,430,
bill browder,,princeton university,B Only,man,white,noturm,moreri,retired,moresecure,math,774,
linda keen,,city university of new york,B Only,woman,white,noturm,moreri,retired,moresecure,math,647,
joan birman,,barnard college,B Only,woman,white,noturm,moreri,retired,moresecure,math,3081,
carl pomerance,,dartmouth college,B Only,man,white,noturm,moreri,retired,moresecure,math,2240,
albert schwarz,Russia,university of california davis,B Only,man,white,noturm,moreri,retired,moresecure,math,1381,
joseph lipman,,purdue university,B Only,man,white,noturm,moreri,retired,moresecure,math,1527,
peter scott,,university of michigan,B Only,man,white,noturm,moreri,retired,moresecure,math,1842,
hugo rossi,,university of utah,B Only,man,white,noturm,moreri,retired,moresecure,math,1054,
boris mityagin,Russia,ohio state university,B Only,man,white,noturm,moreri,retired,moresecure,math,1142,
ronald solomon,,ohio state university,B Only,man,white,noturm,moreri,retired,moresecure,math,865,
willard miller,,university of minnesota,B Only,man,white,noturm,moreri,retired,moresecure,math,1431,
george hagedorn,,virginia tech,B Only,man,white,noturm,moreri,retired,moresecure,math,585,
yuval flicker,,ohio state university,B Only,man,white,noturm,moreri,retired,moresecure,math,512,
daniel shapiro,,ohio state university,B Only,man,white,noturm,moreri,retired,moresecure,math,253,
john baxter,,university of minnesota,B Only,man,white,noturm,moreri,retired,moresecure,math,169,
stephen smale,,university of california berkeley,B Only,man,white,noturm,moreri,retired,moresecure,math,7045,yes
neil robertson,,ohio state university,B Only,man,white,noturm,moreri,retired,moresecure,math,3421,
robert bburckel,,kansas state university,B Only,man,white,noturm,moreri,retired,moresecure,math,264,
michael aizenman,,princeton university,C Only,man,white,noturm,moreri,professor,moresecure,math,2740,
noga alon,,princeton university,C Only,man,white,noturm,moreri,professor,moresecure,math,11009,
michael anderson,,state university of new york at stony brook,C Only,man,white,noturm,moreri,professor,moresecure,math,1572,
roman bezrukavnikov,Russia,massachusetts institute of technology,C Only,man,white,noturm,moreri,professor,moresecure,math,908,
fedor bogomolov,Russia,new york university,C Only,man,white,noturm,moreri,professor,moresecure,math,1034,
alexei borodin,Russia,massachusetts institute of technology,C Only,man,white,noturm,moreri,professor,moresecure,math,2847,
boris botvinnik,Russia,university of oregon,C Only,man,white,noturm,moreri,professor,moresecure,math,192,
paul bourgade,,new york university,C Only,man,white,noturm,moreri,professor,moresecure,math,389,
oliver buhler,,new york university,C Only,man,white,noturm,moreri,professor,moresecure,math,29,
dimitri burago,Russia,pennsylvania state university,C Only,man,white,noturm,moreri,professor,moresecure,math,1409,
sylvain cappell,,new york university,C Only,man,white,noturm,moreri,professor,moresecure,math,1007,
mei chu chang,China,university of california riverside,C Only,woman,asian,noturm,moreri,professor,moresecure,math,599,
sun-yung alice chang,China,`,C Only,woman,asian,noturm,moreri,professor,moresecure,math,3119,
maria chudnovsky,Russia,princeton university,C Only,woman,white,noturm,moreri,professor,moresecure,math,1430,
peter constantin,Romania,princeton university,C Only,man,white,noturm,moreri,professor,moresecure,math,5846,
kevin corlette,,university of chicago,C Only,man,black,isurm,moreri,professor,moresecure,math,541,
carina curto,,the pennsylvania state university,C Only,woman,latinx,isurm,moreri,professor,moresecure,math,56,
xianzhe dai,Russia,university of california santa barbara,C Only,man,asian,noturm,moreri,professor,moresecure,math,463,
percy deift,,new york university,C Only,man,white,noturm,moreri,professor,moresecure,math,5110,
laura demarco,,northwestern university,C Only,woman,white,noturm,moreri,professor,moresecure,math,280,
denis gaitsgory,Russia,harvard university,C Only,man,white,noturm,moreri,professor,moresecure,math,1122,
ross geoghegan,,binghamton university,C Only,man,white,noturm,moreri,professor,moresecure,math,654,
pierre germain,,new york university,C Only,man,white,noturm,moreri,professor,moresecure,math,741,
alexander givental,Russia,university of california berkeley,C Only,man,white,noturm,moreri,professor,moresecure,math,1853,
fan chung graham,China,university of california san diego,C Only,woman,asian,noturm,moreri,professor,moresecure,math,4550,
victor guillemin,,massachusetts institute of technology,C Only,man,white,noturm,moreri,professor,moresecure,math,5814,
sinan gunturk,Turkey,new york university,C Only,man,middleeast,noturm,moreri,professor,moresecure,math,266,
qing han,China,university of notre dame,C Only,man,asian,noturm,moreri,professor,moresecure,math,710,
henryk iwaniec,,rutgers university,C Only,man,white,noturm,moreri,professor,moresecure,math,5210,
david jerison,,massachusetts institute of technology,C Only,man,white,noturm,moreri,professor,moresecure,math,3290,
michael kapovitch,Russia,university of california davis,C Only,man,white,noturm,moreri,professor,moresecure,math,1305,
olga kharlampovich,Russia,city university of new york,C Only,woman,white,noturm,moreri,professor,moresecure,math,824,
bruce kleiner,,new york university,C Only,man,white,noturm,moreri,professor,moresecure,math,1719,
robert kohn,,new york university,C Only,man,white,noturm,moreri,professor,moresecure,math,5254,
janos kollar,Hungary,princeton university,C Only,man,white,noturm,moreri,professor,moresecure,math,5941,
gregory lawler,,university of chicago,C Only,man,white,noturm,moreri,professor,moresecure,math,3002,
h blaine lawson,,stony brook university,C Only,man,white,noturm,moreri,professor,moresecure,math,4390,
claude lebrun,,stony brook university,C Only,man,white,noturm,moreri,professor,moresecure,math,1804,
camillo de lellis,,institute for advanced study,C Only,man,white,noturm,moreri,professor,moresecure,math,1761,
fanghua lin,China,nyu,C Only,man,asian,noturm,moreri,professor,moresecure,math,6552,
zhiquin lu,China,university of california irvine,C Only,man,asian,noturm,moreri,professor,moresecure,math,502,
george lusztig,Hungary,massachusetts institute of technology,C Only,man,white,noturm,moreri,professor,moresecure,math,9303,
fedor malikov,Russia,university of southern california,C Only,man,white,noturm,moreri,professor,moresecure,math,356,
eugenia malinnikova,Russia,stanford university,C Only,woman,white,noturm,moreri,professor,moresecure,math,116,
peter may,,university of chicago,C Only,man,white,noturm,moreri,professor,moresecure,math,4507,
barry mazur,,harvard university,C Only,man,white,noturm,moreri,professor,moresecure,math,4442,
david mclaughlin,,new york university,C Only,man,white,noturm,moreri,professor,moresecure,math,940,
marie louise michelson,,stony brook university,C Only,woman,white,noturm,moreri,professor,moresecure,math,1256,
john millson,,university of maryland,C Only,man,white,noturm,moreri,professor,moresecure,math,1295,
yair minsky,,yale university,C Only,man,NA,NA,moreri,professor,moresecure,math,1720,
sophie morel,,princeton university,C Only,woman,white,noturm,moreri,professor,moresecure,math,54,
aaron naber,,northwestern university,C Only,man,white,noturm,moreri,professor,moresecure,math,353,
charles newman,,new york university,C Only,man,white,noturm,moreri,professor,moresecure,math,2284,
hee oh,Korea,yale university,C Only,woman,asian,noturm,moreri,professor,moresecure,math,671,
janos pach,Hungary,new york university,C Only,man,white,noturm,moreri,professor,moresecure,math,3481,
raman parimala,,emory university,C Only,woman,asian,noturm,moreri,professor,moresecure,math,693,
mihnea popa,Romania,northwestern university,C Only,man,white,noturm,moreri,professor,moresecure,math,645,
alexander razborov,Russia,university of chicago,C Only,man,white,noturm,moreri,professor,moresecure,math,1505,Yes
xiaochun rong,China,rutgers university,C Only,man,asian,noturm,moreri,professor,moresecure,math,350,
peter sarnak,,princeton university,C Only,man,white,noturm,moreri,professor,moresecure,math,5456,
sylvia serfaty,,new york university,C Only,woman,white,noturm,moreri,professor,moresecure,math,1774,
jalal shatah,,new york university,C Only,man,white,noturm,moreri,professor,moresecure,math,3211,
steve shkoller,Russia,university of california davis,C Only,man,white,noturm,moreri,professor,moresecure,math,1602,
thomas spencer,,institute for advanced study,C Only,man,white,noturm,moreri,professor,moresecure,math,1353,
jeffrey streets,,university of california irvine,C Only,man,white,noturm,moreri,professor,moresecure,math,330,
gabor szekelyhidi,Hungary,notre dame,C Only,man,white,noturm,moreri,professor,moresecure,math,522,
leon takhtajan,Russia,stony brook university,C Only,man,middleeast,noturm,moreri,professor,moresecure,math,1923,
michael taylor,,university of north carolina,C Only,man,white,noturm,moreri,professor,moresecure,math,5805,
chuu lian terng,China,university of california irvine,C Only,woman,asian,noturm,moreri,professor,moresecure,math,1158,
craig tracy,,university of california davis,C Only,man,white,noturm,moreri,professor,moresecure,math,2134,
yuri tschinkel,,new york university,C Only,man,white,noturm,moreri,professor,moresecure,math,1301,
srsrinivsa varadhan,,new york university,C Only,man,asian,noturm,moreri,professor,moresecure,math,4875,
dan virgil voiculescu,Romania,university of california berkeley,C Only,man,white,noturm,moreri,professor,moresecure,math,4540,
wei min wang,China,nyu shanghai,C Only,woman,asian,noturm,moreri,professor,moresecure,math,432,
guofang wei,China,university of california santa barbara,C Only,woman,asian,noturm,moreri,professor,moresecure,math,698,
paul yang,China,princeton university,C Only,man,asian,noturm,moreri,professor,moresecure,math,2456,
guoliang yu,China,texas am university,C Only,man,asian,noturm,moreri,professor,moresecure,math,1208,
efim zelmanov,Russia,university of california san diego,C Only,man,white,noturm,moreri,professor,moresecure,math,1694,Yes
christopher croke,,university of pennsylvania,C Only,man,white,noturm,moreri,retired,moresecure,math,880,
vaughan f r jones,,university of california berkeley,C Only,man,white,noturm,moreri,retired,moresecure,math,3289,Yes
jerry kazdan,,university of pennsylvania,C Only,man,white,noturm,moreri,retired,moresecure,math,1058,
irwin kra,,stony brook university,C Only,man,white,noturm,moreri,retired,moresecure,math,1493,
francois ledrappier,,university of notre dame,C Only,man,white,noturm,moreri,retired,moresecure,math,1724,
anthony phillips,,stony brook university,C Only,man,white,noturm,moreri,retired,moresecure,math,96,
richard schoen,,stanford,C Only,man,white,noturm,moreri,retired,moresecure,math,6811,
peter shalen,,university of illinois at chicago,C Only,man,white,noturm,moreri,retired,moresecure,math,2036,
daniel stroock,,massachusetts institute of technology,C Only,man,white,noturm,moreri,retired,moresecure,math,5102,